Nome da Empresa,Uso
(VMK-AS) - Itaquera,0/50
(VMK-AS) - Gravataí,23/31
(VMK-AS) - Erechim,29/32
(VMK-AS) - Aracajú,30/38
(VMK-AS) - Cachoeirinha,18/32
(VMK-AS) - Passos,25/29
(VMK-AS) - Arujá,24/24
(VMK-AS) - Teófilo Otoni,23/26
(VMK-AS) - Natal Zona Norte,1/33
(VMK-AS) - Guaíba,29/30
(VMK-AS) - Balneário Camboriú,0/27
(VMK-AS) - Três Lagoas,24/29
(VMK-AS) - Rio Claro,0/36
(VMK-AS) - Natal,0/29
(VMK-AS) - São José do Rio Preto,0/29
(VMK-AS) - Jaboatão Dos Guararapes,0/36
(VMK-AS) - Florianópolis,0/36
(VMK-AS) - Mauá,0/35
(VMK-AS) - Limeira,9/27
(VMK-AS) - Macapá,21/22
(VMK-AS) - São José Dos Campos,35/36
(VMK-AS) - Ribeirão Pires,22/22
(VMK-AS) - Presidente Prudente,28/34
(VMK-AS) - Assis,11/30
(VMK-AS) - Fazenda Rio Grande,13/24
(VMK-AS) - Ribeirão Preto Apoio,10/26
(VMK-AS) - Santa Cruz do Sul,15/28
(VMK-AS) - São José dos Pinhais,16/53
(VMK-AS) - Ribeirão Preto,7/59
(VMK-CDT) - Aracaju,0/12
(VMK-CDT) - Araraquara,21/27
(VMK-CDT) - Aruja,0/15
(VMK-CDT) - Assis,16/20
(VMK-CDT) - Balneario Camboriu,1/20
(VMK-CDT) - Cachoeirinha,7/7
(VMK-CDT) - Campo Grande,0/22
(VMK-CDT) - Erechim,0/22
(VMK-CDT) - Florianopolis,0/20
(VMK-CDT) - Foz do Iguaçu,15/20
(VMK-CDT) - Gravatai,8/19
(VMK-CDT) - Guaiba,22/23
(VMK-CDT) - Jaboatao dos Guararapes,3/35
(VMK-CDT) - Limeira,0/22
(VMK-CDT) - Macapa,0/20
(VMK-CDT) - Maua,0/28
(VMK-CDT) - Natal,22/24
(VMK-CDT) - Passos,0/11
(VMK-CDT) - Presidente Prudente,0/17
(VMK-CDT) - Ribeirao Preto,1/28
(VMK-CDT) - Rio Claro,0/24
(VMK-CDT) - Santa Cruz do Sul,0/8
(VMK-CDT) - Sao Jose do Rio Preto,19/26
(VMK-CDT) - Sao Jose dos Campos,0/24
(VMK-CDT) - Sao Jose dos Pinhais,1/40
(VMK-CDT) - Teofilo Otoni,0/18
(VMK-CDT) - Tres Lagoas,0/25
(VMK-CDT) - SP Itaquera,0/25
